polarity,text
0,pq ngm chuta os fios do moodle do ifg
0,(ifg não chega nem aos pés)
2,"aí ai  gente a ester é artista!!!!  mais uma artista na família não, é a mais sensível das irmãs e com toda certeza a mais mimada, afinal é a caçula.  ela faz parte de um grupo de arte do ifg e meu deus eles produziram um espetáculo tão lindo! profundo e sensível."
2,@ifg_goias ho sr.minha filha e funcionária do ifg. gratidao por tudo.
0,"que inferno, te odeio ifg"
0,esse site do ifg é ruim misericórdia
0,"ja consegui entender q o ifg não quer q eu estude lá, pq nao tem lógica meu nome não aparecer na lista sendo q fiz minha inscrição, a prova sendo agr dia 7 e fui entrar hj, ainda bem, pq ia pro local da prova atoa"
1,"se eu aprendesse tudo é  primeira, meus caros, não precisava de 6 anos de curso, 1 ano de ifg, 6 anos de formação especializada, uma vida de aprendizagem. mas há quem tenha poderes que eu não tenha."
1,acho que terei minha primeira reprovaÃ§Ã£o no ifg kkk
0,"n aguento mais a burocracia do ifg. eu só queria minha matrícula nas disciplinas, só isso"
0,quarto dia do mês e eu gostaria de saber exatamente quando o ifg tem pretensão de pagar meu auxílio e minha bolsa   estou no total modo revoltada financeira-academicamente da @_kraljic
1,os cara entrou no telegram pra mandar tarefa  para ifg para pfv
0,"whatsapp, instagram, facebook caíram e pra ficar perfeito o moodle ifg podia cair também."
0,só 4 trabalhinhos pra essa semana vsf ifg
0,de repente todo mundo quer ifg? meu coração arde em ódio aff
1,rt @burnoceswtf: dgs explica me la porque é que tenho de estar de máscara nas aulas mas quando vou ao urban posso cuspir na boca da maria leonor ? covid não sai à noite?
0,"o site do ifg me deixa mais perdida que cego em tirotei, eu leio os trem e fico ??????? que porra é essa"
0,"se eu n tô entendendo nem como funciona o processo seletivo do ifg, imagina na hr da prova kkkkkkkk, eu só passo no milagre do senhor"
2,formada em economia na ifg foi o augeeeeeeee!
1,teve uma vez que rolou um mal entendido no vestiário masculino do ifg   descobri que eu tive uma fama de olhar as pessoas peladas no vestiário  véi  sério  ter rahu na 4 é uma porra kkkkkkkkkkk sempre vou ser mal falado na terra natal por problemas de entendimento
1,uma menina do ifg me mandou email falando que leu meus trabalhos e pediu orientação   chorei 
0,esse ifg conseguiu enrolar todo calendário e de brinde não volta as aulas
1,rt @filipaqc: preciso de os horários tenho uma vida toda pendente!
1,@visioniife eu estudo no ifg amg
2,perfeitas lindas viciantes https://t.co/naj1dwy42t
2,dos melhores anos da minha vida:  -tirei carta de mota  -acabei o secundÃ¡rio no quadro de honra -tirei a carta de carro  -fiz 19 anos  -recebi um carro  -trabalhei o verÃ£o inteiro para ter o meu dinheiro -estou com o amor da minha vida  -estou na faculdade que sonhei
1,deus queira que me mudem de turma
2,"filmaço, e melhor ainda é conhecer esse projeto de cinema, debate e crítica social, um projeto de extensão popular do @ifg_goias nos campus @ifg_goiania e if campus goiânia oeste  sessão/debate gratuitos e com certificação,acesso pelo instagram @cineclubeismael   @gloriamariaujc https://t.co/abpz4nkzln"
0,cansada demais desse ifg
0,paga minha bolsa paga minha bolsa pf eu imploro ifg
1,um dos casais mais fofos que eu conheço começaram na faculdade na turma de química agroindustrial que entrei em 2010 no ifg e agora eles tem um bebe mais fofo ainda 
2,sou grato por estudar no ifg
0,ifg eu te odeio se eu pudesse eu enfiava uma tora no meio do seu cu chutava sua avó botava fogo no seu hamster inundava sua casa esfaqueava sua irmãzinha estrangulava seu pai vendia a sua alma pro diabo e ainda tossia na sua cara
1,"eu sou tão fracassado que eu acabei de desistir da ideia de desistir de estudar no ifg. maluco, não sei oq é mais difícil, entrar ou sair"
0,@imattheusss eu já paguei essa multa tem um ano e meio e eles seguem me mandando esse e-mail   quase saindo do ifg e até hoje isso
0,rt @sarexsi: cadê meu auxílio cadê minha bolsa ifg me paga 
2,sou grato por estudar no ifg 
1,"@patriciaegea1 @lanksypaulo bom dia.  eu tenho 43 anos, economista e agora estou no 4 período de matemática, no ifg. apoio a sua ideia,rs. um ótimo domingo!"
1,ifg tava em peso no shopping  hoje kkkkkkk
1,vou formar em direito agr final do ano. início do ano comecei licenciatura em ciências sociais no ifg e tá numa relação de tranca ou não tranca o curso. e agr tô pensando em fazer o vestibular pra psicologia pra começar ano que vem. acho que preciso de uma terapia kkkkkk
1,feira do riviera é o ponto de encontro dos alunos do ifg todo
1,prova: um astrônomo amador tirou uma foto de uma supernova ocorrendo nessa mesma galáxia com um telescópio do tamanho do que tem no ifg. https://t.co/znsho0slbe
1,@jaozinuai @ifg_goias todo dia pessoas trans passando humilhação no sistema publico
1,ifg aderiu de vez o bingo de aluno
1,@bdebrahma o ifg fez um questionário. mas a real é que não saiu resultado do survey. msm assim eu acredito que a subnotificação vai ser alta.
0,"@comunabicha o máximo que eu conseguir permanecer via ead eu irei, acho que o ifg não tem nem dados de quem vacinou ou não"
1,paranoia too ifg
0,"corae do @ifg_goias não responde meus emails, eu vou lá e se negam a atender pq só pode por agendamento (como agendar sem resposta?) eu preciso pedir meu diploma pra entregar na universidade, próximo passo é entrar com o judicial"
1,"ifg abriu vagas parece, acho que vou tentar não tomara que dê certo e eu vaze daquela escola"
0,sim eu vou reclamar do ifg td dia
0,maior arrependimento da minha vida ter desistido da ufg por causa do ifg
2,hoje com o coração apertado me despedi do ifg- jatai para iniciar uma nova etapa na vida. só gratidão!
1,"primeira vez que fui assaltada era 6h perto do ifg, um cara preto de bike chegou me pedindo pra tirar fone, pensei em correr pq podia ser assalto, ai pensei nossa que racista, ai o cara foi e tirou um facão pra me assaltar, enfim https://t.co/nlmulupdol"
1,queria tanto me decidir se quero tentar fazer enem pra entrar no ifg ou na ufg
1,fui fazer a inscrição pra ifg e não tenho identidade
0,"eu desisto do ifg é isso, não dá mais"
1,@ifg_goias @ludmillar1107 vamos incentivar genteeee... brasil precisa disse tipo de projeto.
0,adm do ifg vacila de mais.
0,"rt @chethiago: fé-ri-as [substantivo]: coisa que um aluno do ifg não sabe o que é, mas queria saber.jpeg"
1,rt @edersb: meu sonho de princesa é o querido ifg adotar essas medida. https://t.co/4xf9shfdkw
0,"rt @matheus85027082: @capesdepressao https://t.co/gkkm03h8gs  nós bolsistas do pibid e de rp do ifg campus goiania e goiânia oste, alunos de história e pedagogia fizemos esse vídeo denunciando o atraso das bolsas e o descaso deste governo com a ciência"
1,@let_needly o bom de ser um fantasma no ifg é que esses inseto n fica nem sabendo da minha existência 
2,"hj fiz o trabalho mais feliz de toda a minha história como discente do ifg. só foi preciso três conversas no grupo do whatsapp, gerar o link compartilhado com as questões e prontinho geramos o pdf e submetemos! as vezes reunião no meet mais atrapalha do que ajuda..."
1,"@gatinhaamandab @gatinhaliciaa amiga o do ifg caiu, ficou sabendo não?"
1,e como esse câmpus mudou nessa pandemia! em ifg - instituto federal goiás https://t.co/x9noplidhq
1,não manos e se eu refizer a seleção ifg e começar o ensino médio de novo
1,"se eu não entrar pro ifg eu vou ficar muito puta, nmrlllll"
0,o ifg não deve nem ter noção se a galera vacinou ou não
1,o ifg feliz dia dos professores! https://t.co/nda2gth4iz
1,"ok, mas olharem para mim e dizer que tenho o corpo perfeito é das melhores coisas que me podem dizer. obrigada íris"
0,até nunca mais ifg
1,fiz a inscrição do ifg meu deus me ajuda nesse sorteio
1,essas tretas entre os professores do ifg kklkkklkkkk intankavel
1,eu to @rakgomess @ydaltuco mas me pergunto quem em pleno 2021 entra em uma faculdade ? mano???? o treco faz super mal
1,@_misterium eu subonei o ifg
1,@apsolmelissa hmmm matéria de humanas do ifg?
0,"to morta de cansada,estudar na ifg não é moleza..."
0,"01h da manhã e eu fazendo trabalho, ifg pq me odeias?"
0,@ifg_anapolis seleção para ficar sem bolsa?
0,ainda bem que no ifg só rola droga......
1,ontem fez exatamente 5 anos que cortei minha mão na ocupação do ifg
1,acordei com o sentimento de que qualquer coisa que eu comer vai me fazer passar mal ao mesmo tempo que se eu não comer a gastrite vai consumir todo meu sistema gástrico  parece que voltei a era do ifg novamente
1,os pais putos no chat da reunião do ifg eu me divirto
0,mano como o ifg tá cagando pro nosso aprendizado  vey #liberapresencialdosifs
0,ifg = inferno fudido de goiás
0,"o pior de estudar no ifg, é estudar no ifg de forma remota"
0,"@luisa_annaas eu tava logo pesquisando  ifg  no twitter pra ver oq o povo fala sobre essa escola e me deparo com isso, minha mçe tá doida pra me colocar lá"
0,"tudo voltando ao normal e a ifg q e bom nada né, pois bem #liberapresencialdosifs"
1,@ifg_goiania no curso... eu entro no site e não mostra a pagina de inscrição
2,@igormageskifad ifg soa bem
1,ifg muito pra mim todo if é ifes pq nenhum if soa melhor do que o ifes
2,"cada dia que passo tenho mais repulsa da uf*   ifg muito superior, desculpa"
1,@maria_silva890 amiga tá no ifg ?
1,mandei e-mail pro ifg todo pra tentar resolver a questão e agora que consegui todo mundo me respondendo dizendo que encaminhou a demanda para a mulher que eu n estava conseguindo contatar.. ela que lute com a caixa de entrada lotada agora.
1,"fala que estudou no ifg, mas não tem um short desse https://t.co/2d0r2grwyi"
1,"mano, minha empolgação é tanta com a minha pesquisa de ic que a minha vontade é de submeter três trabalhos na próxima semana da matemática do ifg, uma comunicão oral, um minicurso e uma palestra"
1,@greengodict e foi do ifg kahsjaqnwjwjwjj nao respiro
1,encontrei minha professora de cursinho pre ifg e pre vest e eu sou tão grata a essa mulher
1,"@ifg_goiania não consigo me cadastrar, tem como me ajudar?"
1,o ifg alugou um triplex na minha mente
0,@greengodict @pedrohra @brunapocosta kkkkkkk oq o ifg tem feito com vc
0,rt @put4alegre: eu preciso de férias do ifg
1,lembrando aqui daquele surto de garganta inflamada que o ifg teve em 2019 ¸ ainda bem que eu tava fazendo celibato e fiquei de fora dessa festa da uva
0,"o ifg tbm saiu socando nele, ele vem pra ca para fazermos nossos trabalhos é o amor se sobressaindo perante a merda https://t.co/iijtbcvfqr"
0,eu tô vendo o circo pegar fogo entre a ufg e o ifg
1,@isadoramendesv1 mds qual a fofoca???? amo as fofocar do ifg
1,alguém vai naquele evento do ifg?
2,"voltando no ifg depois de um ano, tive um vislumbre como um campus enorme consegue compactar um teatro, auditório, quadra de esportes, sala e etc, no meio do centro"
1,"@maritpaiva eu tô ligado, quando peguei greve no ifg eu sofri isso tbm, 2 semanas de férias em julho e dezembro... mas isso tudo é por conta do mec que exige adequação ao calendário, se não me engano"
1,"vou no ifg hj depois de 1 ano e 4 meses sem nem passar na porta, vou chorar igual uma safada"
0,"o ifg podia liberar esse auxílio logo né, tá atrasado"
0,"eu vou sair do ifg véi de vdd, eu n consigo mais não, muita pressão psicológica  cada dia que se passa eu não aguento mais estudar, só quero sentar e chorar se eu n tirar minha vida o final desse mês pode ter certeza que eu vou pedir transferência"
0,quero que o ifg exploda com esse bando de incompetente
1,"não creio q dps de 3 anos, lá vai eu voltar pro ifg kkkkkkk"
1,ifg me confirma se vc vai me pagar essa semana
1,hoje é dia de aulas na cama ifg
1,"tenho uma certeza de q já beijei essa muié no ifg, mas tenho vergonha de perguntar"
0,"@ifg_goiania retorno com a pandemia em alta, estão contra a ciência?"
2,"quando o seu orientando entrega o tcc pronto, precisando apenas de alguns ajustes é bom demais. #education #educaÃ§Ã£o @ifg_goias https://t.co/c7djoe9otr"
0,"vou viajar e tenho que levar computador pra estudar (( obg ifg, eu te odeio"
2,os calourinhos de mésica parecem ser mt fofos tudo do vale sdds ifg
0,porra ifg compra um lubrificante pelo menos cara
2,sdds ifg colocar coisas absurdas no roteador pq desligaram o wifi kkkk como era bom viver
0,"não tenho nem tempo pra responder meus amigos mais, mt bom estudar no ifg"
1,eu não gosto de metrologia não viu ifg
1,quem diria que nosso papinho de corredor no ifg viraria o que somos hoje?
0,todo dia meu pai expressa como ele está decepcionado com o ifg por não voltar o presencial
1,qnd voltar presencial eu tenho certeza q nenhum professor do ifg vai usar o q-acadêmico p lançar nossos textos pra leitura kkkkkkkl vai tudo usar o moodle ne
1,@jimiflakes @i4kittykth já prepara pra passar o dia no ifg princesa
0,sinceramente ifg sinceramente viiiiu
0,eu quero ir tanto pra faculdade mds eu sei que vai ser um inferno mas eu já tô tão saturada do ifg
2,@mari_paul4 lembrei do ifg sdd kkkk
1,eu queria conhecer alguém q estude na ifg pra eu amigar
1,eu me sinto tão longe da família de que o meu carro está https://t.co/x4goghqf9n
1,ifg recebe inscrições do vestibular 2022/1 https://t.co/ege1bzfhme
0,@alexandremoreti eu to esperando até hoje o @ifg_goiania liberar a colação pra galera que formou na pandemia
1,fazer vestibular do ifg pra cursar matemática ¸
1,"@manjerico @_solongmarianne @rsoaresdosreis @mdpetroleumhead eu escolhi em junho, se não me engano... era melhor para organizar o futuro, e agora que nem há (acho eu?) estágios opcionais no ifg faria todo o sentido que se mantivesse assim..."
2,a ifg que saudades de ir fazer curso de música lá!   #umlugaraosol
1,rt @malserion: eu fiquei pasmático a ler listo. https://t.co/5periuny6c
1,para bom entendedor meia ausência basta  - marília mendonça
0,kajakakkk e a gente que vai ter reposição pq a professora não deu aula no feriado  só no ifg p ter essas merda mesmo
1,"isso, se você entrar com o email acadêmico do gmail não precisa de permissão acessa logo direto tudo dos drives do ifg"
2,sdds da ocupação do ifg.   (tampei o rosto das pessoas da foto pq não quero expor e tals) https://t.co/hlbnvk81aa
0,"lembro do a brancalhada cirandeira é muito engraçado, na teoria é contra colonização e é quem mais reproduz... esses dias coloquei um breguinha do recife p tocar e a branca foi e tirou pra colocar beatles pq  desculpa breguinha, sei que meu amigo te ama, mas isso que é música de verdade "
2,falo compramos em 2012 quando ainda estávamos no ifg somos amigas até hoje graças a deus https://t.co/gtvvgnjsar
0,"eu nunca li tanto na vida igual estou lendo para escrever esse tcc... o ifg vai ter que me dar dois diplomas,  um em matemática e outro em letras"
0,"rt @carolina12003: tou a chorar enquanto leio um artigo de escrita académica, triste sim porém não posso chumbar"
0,tô tentando fazer a inscrição pro ifg e tá dando problema nas minhas informações tô isso aqui de desistir
0,rt @matildescpp: tou a morrer aos poucos
2,"amg eu gosto dms de vc, vc é muito divertida kkkkkk acho ótimo ter continuado te vendo msm dps do ifg e adorava encontrar c você nos rolês, espero q a gnt ainda possa curtir vários juntas! amo te acompanhar msm q de longe e desejo que você seja smp mt feliz"
1,"musicisters do ifg gravem um desse e eu diga se esperava ou não, bem-te-vi challenge https://t.co/50vzqdh0wp"
0,hoje eu acordei muito estressada puta merda vai tomar no cu sinceramente viu   (ifg é a causa)
2,"em 5 anos no ifg eu nunca tinha conhecido alguém tão gentil, me ajudou hoje pra krl sem nem me conhecer"
1,rt @caterina_filipe: *cadeira de pirs e eap*
0,"juro mesmo, acho que nunca estive tão mal por um artista"
1,@svalisson obrigado mano kkk tudo de bom pra vc e boa sorte pra gente naquele ifg a gente vai precisar kkkk
2,@dumbose @podpahpodcast @lulaoficial eu sou prova disso!  obrigado ifg por abrir as portas da minha caminhada acadêmica
1,foi oq o ifg disse tbm...
1,"@michelleeams aquilo lá, é tipo as regras que o ifg vai ter que seguir pra voltar presencialmente. í‰ tipo passo a passo do que fazer de agora em diante até voltar presencial"
0,rt @djongaxcitou: a decisão certa dói também...
1,mas é para ficar assim?
0,"queria muito voltar presencial, mas agora não ifg pelo amor de deus, deixa eu me garantir aqui no terceiro bimestre e volta no quarto ou então eu reprovo"
2,@garbimjessica culta linda filosofa o orgulho do ifg campi goiabera
1,"ifg soltou uma nota sobre as aulas presenciais e eu n entendi foi nada, alguém sabe me dizer aí se vai voltar ou oq rolou"
0,voltar pro ifg pra estudar o 5g pq estou completamente confusa alô kelias me help
0,ifg soltando portaria de paramentos pra volta as aulas presenciais  aiaiaiai a gente que lute semestre que vem
2,amo essa reunião pq toda vez o pau tora no meu país ifg
2,@cica_rock @ufj_oficial muito bom. sou professor no ifg. legal. conheço o cefet de minas. tenho amigos por aí.
0,"mais uma vez o ifg está atrapalhando a minha vida, obg ifg¸"
0,@mdusprd amg e o pior é que eu tô pensando em olhar algum curso noturno no ifg pra trabalhar em paz durante o dia
1,e se eu fizer engenharia civil no ifg ano que vem? 
2,"@marconvss estudei no lyceu e passei na ufg 3x, ufrj 2x, uf de alfenas 1x, no ifg 1x e ganhei bolsa na mackenzie/sp e na puc"
1,"@shegabss @ifg_goiania @lukeolif mas é só em janeiro @ifg_goiania , se liga hein"
1,"moral, um semestre antes de eu entrar no ifg o professor diego marques tinha ido lá para um colóquio de matemática um semestre antes pq esse tipo de coisa acontece comigo????"
1,"vei, ano q vem é o meu último ano no ifg (eu espero) e eu só queria é que o professor diego marques fosse convidado para a semana da matemática do ifg ano que vem"
0,"@ifg_goiania @lukeolif beleza, agora volta as aulas pra quem já  tá fazendo o ensino médio aí namoral "
1,"@mathpfr sinto muito amigs, e que ela vá pras cucuias. quando ele tinha 200 mil, olhei e ninguém seguia. quando tava com 1 milhão, olhei e ninguém seguia. semana passada vi que 3 seguiam: 1 colega de faculdade, 1 ex-colega do inglês e 1 conhecida do ifg. parei de seguir e removi eles. "
0,não acredito que vou ter que fazer a prova do enem no ifg
2,queria dizer que o menino é do ifg aquelas coisa né  ifg só dá orgulho mesmo https://t.co/yivfnzemdb
1,@eukaykyv aonde mano? fiquei pra fazer no ifg
2,"se alguém me parar na rua perguntando como q dimensiona um sumidouro, como que faz a etapa de mistura rápida em tratamento, como q dimensiona um tanque séptico, eu vou saber coisas q so o ifg proporciona"
0,venci esse dia venci tratamento de água eou sou mt foda vai tomar no cu ifg nada me abala
0,"incrível como o ifg* suga a minha saúde mental, a minha saúde física, a minha vontade de continuar o curso e a minha alma"
0,"na moral, indico ninguém fazer ifg. ainda mais se for artes visuais."
2,@igorphoenix1 eu só volto presencial na facul em março do ano que vem e com restrição de alunos por sala. amo meu ifg kkk
1,lembrando aqui daquele surto de garganta inflamada que o ifg teve em 2019¸ ainda bem que eu tava fazendo celibato e fiquei de fora dessa festa da uva
0,"rt @bea_mp_: @pedrotmota opa, estou completamente perplexa da quantidade de sangue que me saiu dos olhos quando vi o preço"
1,"@petosobtw no, oq é ifg"
1,rt @inespereiiraa: fico chocada com o desespero de alguns gajos na discoteca jr kkkkk
0,rt @inescsantos2: fr que até tapada até ao pescoço uma pessoa é assediada
1,depois de saber que um  colega  disse que eu nãoo poderia mediar um debate sobre um filme goiano na semana de consciência negra do ifg (mesmo assim eu mediei) eis que sou convidado para debater sobre o filme marighella na semana de africanidades do ifma. https://t.co/8ka8e5q0t3
1,"estou com 4 cadernos de provas do ifg dos anos de 2015 a 2018, se alguém que está estudando para o técnico integrado ao ensino médio estiver interessado, me manda mensagem na dm"
2,@lambarela saudade desse concurso! uma ponte mais legal que a outra. esperamos que em 2022 possamos ver novamente essas obras incríveis 
0,daqui a pouco nãoo consigo nem sair de casa com essa fila do ifg
0,queria saber o que ta tendo nesse ifg todo dia uma fila gigante logo cedo
0,"essa semana eu queria uma trégua do ifg véi, tô mt exausta e sem saco nenhum pra fazer essa caralhada de trabalho q eles querem"
1,acabou de publicar uma foto em ifg - campus inhumas https://t.co/zmba1kiifp
1,@nuncanemfiz sunset pagofunk. da liga lá do ifg
2,@mariana_ifg toda a educação básica da eselx está na verdade 
2,"@geoooooo__ perto do ifg, na avenida galdino moreira de souza, ela é ótima se quiser te passo o contato"
1,"@leticiamarttin8 @ifg_goias em amargosa, na bahia, tem uma também.  #maisvoce https://t.co/pif5gnyhbi"
2,"írvore solar já existe em outros estados sim ana, no @ifg_goias já tem uma linda instalada a alguns anos aqui em goiânia #maisvoce"
0,"@b_ldin amg tu nqo tem outro lugar que possa morar nao????? ti entendo e sei como é horrível. se tu fica muito em casa, tenta sla arrumar uns cursos fora de casa qualquer coisa, escola integral tipo o ifg assim vc fica longe"
1,"ai vei, eu queria tanto ir por x bienal da sbm na ufpa ano que vem se nãoo tiver como o pessoal do ifg ir, eu irei sozinho"
0,rt @analuisaalbuq: ifg eu te odeio
0,@hunter_lorian nãoo conheço mas vai se fuder rodrigo eng de software da ifg pau no cu do krl
0,"falaram sobre citar nome mas eu vou ter que citar, ei rodrigo da eng de software do ifg, vc mesmo, o chatãoo, vai tomar no cu"
0,ifg eu te odeio
2,"me enganei total. quem ganhou a eleição pro daa do ifg Águas lindas foi o prof herick!!!!!! melhor candidato, o mais progressista e companheiro das causas estudantis! a direita e a esquerda âœ¨âœ¨âœ¨p e l e g aâœ¨âœ¨âœ¨ do câmpus perderam após dois longos anos de péssima gestãoo do daa+"
0,@golovaty_1871 tadinhos dos peixinhos hehe
1,estou traumatizada menina estas a janela com o teu cabelo a luaaaaaaa nao me vou daqui embora sem levar uma prenda tuaaa
0,todo dia bernardo se humilhando pra ser atendido por email pelo ifg
1,rt @nelsongcduarte: esta história do rastitas faz-me lembrar algo https://t.co/vsbep0abyl
0,"tem 4 dias que mandei um atestado pro protocolo do ifg e até hoje nada, francamente que setor irresponsável"
0,ifg dps da pandemia ta mo largado mlk
1,@brumaah cooler e cadeira na porta do ifg
0,"boa sorte aos alunos do ifg fsa no enem. tomara que a prova nem chegue lá, e atrase igual a menstruação de moça virgem."
1,@layzaruizz no ifg e vc ?
0,desinteresse gera desinteresse
1,a minha ansiedade tem ligação direta ao meu estômago (:
1,"@favousadox entendi, eu moro perto do ifg de trindade"
1,"@favousadox nossa nem sabia que tinha ifg em anapolis, pensei q era so em trindade e goiás velho"
2,minha meta é entrar na ifg e eu nãoo vou parar até conseguir
1,rt @souaantunes: arrancar a pele do lábio é um caminho sem volta
0,a minha mãe vira se para mim e diz o que se passa? eu sinto que as coisas nãoo estãoo bem!
2,@_sami027 vai com o ifg?  mo sdd do pessoal de la
1,@dsaisarah coloco só pq foi no ifg
2,passei caralhoooooooo medicina veterinária  de ifg para ufg https://t.co/gpzfhs6qa8
1,amo o conceito de usar meu uniforme domingo p tremer a base dos concorrentes mas a realidade é que eu n sei nem se eu passaria na prova do ifg dnv 
1,@ldamyane foi de  eu queria pegar umas matérias lá  pra  e se eu fizer o curso?   acho que você está viciada em ifg
1,rt @b_anselm0: se a adele vier a portugal eu dou nem que seja os dois rins
0,obg ifg pro arrumar meu problema agora vtnc por nãoo ter avisado sua sorte é que eu tenho uma bola de cristal
2,torcendo aqui para que a última turma que fiz estágio no ifg fsa se dê muito bem no enem e no resto da vida. amo todos com a forà¹º do meu intestino delgado.
1,"essa aqui viu, tudo de bom e tudo de triste https://t.co/hmxe38htdz"
2,saudade do ifg spottedâ€¦ mas nãoo das aulas presenciais
1,@yareartes você está gostando do curso? indicaria estudar no ifg? a qualidade é boa?
1,acabou de publicar uma foto https://t.co/wquf5cuqfa
1,@camlizzo você está gostando do curso? indicaria estudar ele no ifg?
1,dúvida constante entre cinema no iesb ou cinema no ifg - cidade de goiás
0,"o ifg fazendo agora oq deveria ter sido feito há meses atrás, com esse plano q ainda vai passar pelo concampus"
2,reuniao do ifg o ápice do entretenimento  https://t.co/qubvibijag
0,"caralho mano eu já sabia q esse era insuportável, mas hj tive a certeza  simplesmente o mais chato do ifg"
0,ifg tá socando o meu cu de atividades e me atrapalhando a fazer outras coisas importantes também   (assistir filmes natalinos clichês na netflix
1,nãoo vai ter eu sendo sorteada p entrar no ifg dia 09/12/21
0,"eu nãoo acredito que aquela desgraà¹º de grupo direitista do if ganhou o daa por um voto de diferença de novo assim como em 2019, os estudantes perdem novamente um chefe de departamento, pois o candidato eleito de nada tem compromisso com a classe estudantil do ifg."
1,rt @constanca_7: eu nos testes: https://t.co/9wrdu2uojl
1,@owlmegu sim kkkkkkk sou do ifg e tu?
0,"í” ifg, lindo! eu to concluindo, mas nãoo vou apresentar esse tcc e nem colar grau no remoto, nãoo insista! obrigada!"
0,ifg pague o meu calmante
0,fui olhar meu local de prova e é no ifg meu deus so o enem pra me fazer entrar lá dps de dois anos fora eh mta humilhação
1,@anjosmafer moro perto do ifg
1,duvida cruel entre continuar no ifg ou ir estudar meio período e fazer jovem aprendiz
1,por que nãoo aparece o campus de jataí na hora de fazer inscrição pro vestibular do ifg? alguma alma poderia me ajudar?
2,"voltando no ifg depôs de um ano, tive um vislumbre como um campus enorme consegue compactar um teatro, auditório, quadra de esportes, sala e etc, no meio do centro"
1,"@maritpaiva eu tô ligado, quando peguei greve no ifg eu sofri isso tbm, 2 semanas de férias em julho e dezembro... mas isso tudo é por conta do mec que exige adequação ao calendário, se nãoo me engano"
2,hoje tem debate sobre tema importante hein . parabéns ao pessoal do cahis ifg https://t.co/ze2erfrtxu
0,"eu vou sair do ifg véi de vdd, eu n consigo mais nãoo, muita pressãoo psicológica  cada dia que se passa eu nãoo aguento mais estudar, só quero sentar e chorar se eu n tirar minha vida o final desse mês pode ter certeza que eu vou pedir transferência"
1,"nãoo creio q dps de 3 anos, lá vai eu voltar pro ifg kkkkkkk"
0,"eu entro de férias só dia 22 de dezembro, e nem é por conta de recuperação, obg ifg"
0,@asafe_skt nem fudendo kkkkkkkkkkkkkkk quero presencial no ifg
2,tô apaixonado no mestrado profissional do ifg 
1,isso aqui foi um grito artístico! https://t.co/kgpuynxvrf
0,ifg vc acorda cedo pra ver a aula e os professores n aparecem
0,ifg eu te odeio por me fazer acordar 5h da manhã 
1,"não sei pro que eu tô mais ansiosa, pra entrar no ifg ou ir pro enfe ano que vem"
1,"abro o guarda roupa para ver qual o traje que eu vou escolher, se hoje eu vou de polo da lacoste ou de tomy ifg "
2,professor melhor que o ronan naquele ifg não existe
1,"@rafadsl é aí q tá, amiga, quando fui cadastrar, eu não consegui achar o ifg campus goiânia nas opções de selecionar a faculdade, tinha vários outros campus, exceto o goiânia"
0,@gabimesquita18 ultimamente nada anda fazendo sentido no ifg 
0,"mano, mas que porra é essa? eu perdi o meu spotify universitário e agora nn acho o ifg campus goiânia para registrar de novo"
2,"@apasalmeida legal demais. eu trabalhei com recuperação de áreas degradas no ifg, apesar de não ter publicação sobre o tema. sou alguém que me aventuro a estudar o cerrado. vamos fazer parcerias. fazemos parte de um grande grupo de pesquisa ufg/ufj/ufcat, ifg, ifgoiano e ueg,"
2,por mais projetos de eficiência energética em nosso estado \\o/
1,essa aqui parece que foi escrita por mim í ¾í´§ https://t.co/in0cj2utkd
0,que porra é ifg? fala direito pourraaah
1,"@tha_tha_is amg.... duas garotas q estudaram cmg no ifg casaram, uma em 2019 e outra em 2021  eu peço dinheiro até hoje p meus pais mesmo trabalhando"
0,quase acabando o semestre o ifg manda a avaliação dos professores do semestre passado
2,"acabei de participar de uma live no instagram conversando sobre o filme  m8 - quando a morte socorre a vida . o espaço foi organizado pelo cineclube ismael, um projeto de extensão do ifg - cinema e sociedade.  a live está salva. segue o link: https://t.co/5ucvjtqgky https://t.co/pmgo1ww5ji"
1,"acho que o benfica é o melhor exemplo do que é o português labrego que aproveita cada oportunidade para suceder, mesmo que faça figura de urso ifg"
2,saudades ifg
2,@cineclubeismael @ochicofilho @sarexsi melhor projeto de extensão popular do @ifg_goias nos campus @ifg_goiania e goiânia oeste.
1,"@fiernandomierda @igorferrbarbosa por favor, vcs são a parte que mais me fazem falta do ifg"
1,o struggle de ver glee a estas horas e não poder berrar e partir janelas com eles ifg
0,"que tristeza esposa foi dar aula na 7ª série entrou na sala as carteiras tudo fora do lugar, um monte de bandeja de salgadinho, garrafas de refri e uma airfryer numa mesa"
0,"ifg pare imediatamente de parcelar minhas férias, eu quero formar antes dos 30 fdp"
0,"finalmente voltaram com o vestibular da unb caralho   meo!! + de dois anos, cursinho, 3 enem, 2 vest de vaga remanescente, 2 sisu, inscrição até pra ufg ifg ifb, descomplica choro e ranger de dentes  da pra ver a luz no horizonte e não é a morte"
0,"scrr kkkkkkkkk meu professor de matemática é colombiano, ifg tá de zoeira só pode @yasmincachinhos https://t.co/fpanh0uzg4"
1,"@_pedroeramos é impressão minha ou é a única especialidade que ainda não foi escolhida?  ainda assim, 2020 foi também muito covid e nos meses  calmos  deste ano os ifg daqui estiveram nas actividades normais da usp, p.e. e acho que ninguém acredita mesmo que isto durará o internato todo"
1,"acabei de apresentar o pensamento de clóvis moura numa atividade do centro acad. de história do ifg. dia 4 í s 10:00 vou estar em um espaço da liga acad. jurà»ica do pi, também falando de clóvis. falar do pensamento do clóvis é meu segundo hobby preferido, perde só pra cervejinha."
1,4º dia sem que ninguém tenha escolhido sp. algo me diz que os ifg não têm estado a gostar do que vêm nas usp.
0,rt @megztex: se ela é bonita? se tem matéria acumulada? tem bué
2,"vi um tuite e agora tô muito triste. fevereiro eu me formo, 4fucking anos de ifg e eu não peguei ninguém além dos meus amigos.  minha experiência na federal foi drogas e doutrina, mas sem suruba ??????????"
1,rt @guisantosguigo: saudades de um tal de ifg campus inhumas
2,eu só queria amigos q estudam lá pelo centro de gyn pra me dar carona pro ifg qnd minhas aulas voltarem (q morem perto da minha casa
1,saudades de um tal de ifg campus inhumas
0,me inscrevi num vestibular do ifg em ciências biológicas so pra ver se passo
0,"ifg campus inhumas, pelo amor de deus, anda com meus processos de aproveitamento de disciplina, eu to suplicando!! https://t.co/qmxf095fv6"
0,odio do ifg permanece
2,puro e genuíno do instituto federal de goiás
0,queria o ifg metende tipo uma dessas pra professores e alunos já tem família de professores que nem vacinaram ainda https://t.co/y8vo2os3ww
1,"@giuria_a olha, não sei. mas por exemplo, no ifg as multas de atraso de entrega de livros eram utilizadas para comprar alguns materiais de papelaria.  talvez siga a mesma lógica."
1,"coordenadora do meu curso me ligou, bateu um cagao achei que tinha feito algo, ela recebeu um email que eu tava matriculado em 2 instituições públicas de ensino, no caso ufu e ifg"
1,"kkkkkkk mano eu sou incabulada com a minha capacidade de fazer conta, eu queria saber de onde que eu tirei que 60 mais 60 era 160 ?????? kkkkkkkkkkkkk ainda prestou vestibular no ifg pra engenharia civil o mano kkkkkkkkkkkkkk"
0,"mano por que ifg de luziânia é uma merda, que poha mano povo irresponsável."
0,"o minino que o ifg devia dar era essa cerimônia de formatura pra todo mundo, o máximo que a gente tinha que pagar era as becas  aiai o iformanfo se fode de todas as formas possíveis"
0,alô ifg ufpa metendo tres dedos no cu de negacionista e decidindo que aluno que nao se vacinar vai ter o sistema de matricula bloqueado fodaseeee pra mim eh sobre isso
0,aquele famoso  here we go again : me inscrevi em sistemas da informação no ifg
0,@joaomaiadias @joaoqmadeira eu descobri há dias que ainda não tenho as notas do meu ifg. de 2020. tipo...
0,"ser ifg também é receber ordens para pedir coisas com a qual não se concorda e depois receber chamadas e ter de justificar essas mesmas coisas pela vida! as vezes só me apetece  minha senhora, concordo, vou passá-la í  especialista  mas depois lembro-me que preciso de acabar isto!"
0,"ifg distribuindo vaga por sorteio, que coisa sem sentindo, como vai dar vaga para alguém por sorte...mds"
0,"a gente faz tudo certinho, chega no final e aparece a frase  o candidato não está apto para receber o certificado por esta instituição  (ou algo assim). só que logo quando ela foi fazer a inscrição, ela marcou pra pegar o certificado pela ifg. eu não sei o que fazer."
0,"pessoas que fizeram o encceja em goiânia (caso esse tweet chegar até vocês), mais alguém está tendo dificuldade em pegar o certificado no ifg? minha mãe está tentando desde cedo e não consegue."
2,vou no ifg hoje e estou mais que emocionada
0,não consigo mexer no site da ifg como vou entrar pra federal?? 
0,"esse caso da unirio me fez lembrar um caso do ifg. um professor acusado de assédio sexual (comprovadamente, várias alunas denunciaram ele), se matou em um acidente de carro. na época eu fazia estágio com ele. í ½í²€í ½í²€í ½í²€"
2,ai como amo essa vey https://t.co/3svrrz79ds
1,@ifg_goiania o vídeo tá privado
0,ai papai jaja acaba esse inferno chamado ifg
2,caralho puta que pariu eu fui sorteada pro ifg porraaaaaaaaaaaaaa caralhoooooo
1,na dívida se faço mestrado no @ifg_goiania ou na @uegtvoficial já que saiu o resultado de ambos hoje é eu passei nos dois. qq eu faço??!!!!
1,"rt @rafalelav: gente estou desempregada, se souberem de alguma vaga me avisem! áreas de interesse: herdeira, dondoca, madame, filha de político¦"
1,@joe5tar ifg fui peswuidar e na vdd crepe usa pronome neutro
2,"vim pegar meu diploma no ifg caraca, passa um filme.  vivi de tudo nessa instituição."
0,caralho ifg oq custa me responder ein caralho?????
2,meu deus eu realmente passei no ifg
1,eu vou estudar no ifg. https://t.co/a5nkzp1yld
0,não fui sorteado na ifg 
2,pra mim já é conquista ser intitulado como aluno pesquisador do ifg
2,"meu esposo me contando todo feliz e orgulhoso que a aluninha dele passou pro técnico integrado do ifg í ¾íµºí ½í¸­ meu macho ama a profissão dele, serio!"
0,boa tarde só pra quem teve a reserva de vagas negada por culpa do universo. morra ifg pela seu processo seletivo de tamanha burocracia nojenta https://t.co/cskkoexzkk
1,@xuais_ kdkakskwkksksa o site do ifg* ai
0,"muito bom o ifg, quis abrir sala por temas pra não ficar mil apresentação, e coloca numa sala multidisciplinar apresentação de gamer e gênero, que dlc as feminista vai tacar fogo nos incel"
2,"ifg patrocinando meu final de ano, to feliz"
0,"nossa eu tenho um à¼½io de pai que quando o filho entra no ifg fica  leve o meu legado pra frente  ah mas vai se fuder caralho, vai pra um psicólogo porra"
2,eu passeeeeeeeei no if porra  vou fazer ensino mà²io federal e com curso tà²œnico ainda  ifg me aguarde  #passei #ifg #pasâ€¦
0,"nunca ganhei um sorteio na vida, sorteio que nao quero eu ganho, ifg naoooooo  #falomesmo"
0,passei na desgraà¹º do sorteio do ifg e agr procuro uma ponte pra me jogar
0,eu queria tanto ter passado no ifg tômal viusss
1,"as provas do ifg são de alto nível, mas em história tem coisas que são impossíveis de complicar. tente resolver essa questão:  https://t.co/yv2z6ofpwp"
2,vendo o povo passar no ifg me deu uma sdds de lá
2,"família passei ifg, tô muito animada, é tão bom conseguir uma vitória depois de tanta coisa ruim"
2,"@blacksttaar no ifg onde tem o melhor ensino médio da minha cidade, foi sorteioâ€¦"
2,meu deus minhas princesinhas passaram no ifg e a flavita vai para gyn aaaaaaaaaaaaaa que felicidade elas merecem tanto í ½í²ží ½í²ží ½í²ží ½í²ží ½í²ží ½í²ží ½í²ží ½í²ží ½í²ží ½í²ží ½í²ží ¾ôí ¾ôí ¾ôí ¾ôí ¾ôí ¾ôí ¾ôí ¾ôí ¾ô ihuuul
2,eu passeeeeeeeei no if porra  vou fazer ensino mà²io federal e com curso tà²œnico ainda  ifg me aguarde  #passei #ifg #passeifederal #federal
2,"passei no ifg, vao se fuderverdade sua falsa"
1,"@margridam também me podias ter pago um dos bilhetes, há mesmo predileta"
1,entrei pro ifg! não sei se choro ou fico feliz
1,"meus planos sobre faculdade eram concretos até então, sair do ifg formada em tédœnico em nutrição, entrar da ufg continuando nutrição e talvez um pouco de gastronomiaâ€¦  mas sei lá deu vontade de fazer biologia do nada"
2,"eu ganhei uma matéria sobre minha palestra e meu projeto no site do ifg, eu tô tão realizada í ¾íµ°í ¾íµ°"
0,"essas palestras do ifg, a mulher tá falando sobre pastel?? e a palestra é sobre surdo mds"
2,"escola estadual é um saco, saudade do meu ifg viu"
1,rt @samanthadutr: o ifg seguiu a linha e faz igual https://t.co/bn5amodlhb
0,"o ifg ufg adotou o ensino diy: vc lê, vc estuda, vc da aula pro professorâ€¦"
0,"aaa além disso. minha inscrição no vestibular do ifg deu errado, vou tentar entrar com recurso, mas só por deus"
0,dentro do ifg  mds não aguento mais não vejo a hora de sair!!  fora do ifg  ai que sdds de quando eu era feliz no if 
1,amanhã é o sorteio do ifg...
1,eu levei uma turma do ifg pra chapada dos veadeiros e voltou todo mundo vivo. nem imagino o filme de terror que deve ser passar por isso. https://t.co/erhgfvsyhw
0,tou mais que pobre
1,"[09:25, 22/12/2021] pedro ifg: para toda mulher que já apanhou de um homem [09:25, 22/12/2021] pedro ifg: um abraço de mata leão [09:25, 22/12/2021] pedro ifg: apenas isso necessário essa é a palavra"
0,@fejota_5k3 pior que o recadastramento não tá aparecendo nem ifg nem ufg
1,"@samarowsk quando eu cadastrei em 2019, eu lembro de ter colocado o campus mas agora no cadastro do passe estudantil não aparece nada, só aparece ifg campus senador canedo"
0,"@samarowsk mds, pq o ifg??? poderia ser qualquer outro if"
1,@fejota_5k3 mas é só ifg msm
0,o ifg campus goiânia está sumindo da internet pelo visto
2,orgulho de ser instituto federal @ifg_goias @ifsertaope @ifsertao  joão gomes. um estudante. um talento. um artista. https://t.co/t8ljgxa13e via @youtube
0,"rt @mtserbeto: ifg,me pague pelo amor de deus! já se passaram cinco dias da data prevista! https://t.co/3dfsgyiilu"
0,"ifg,me pague pelo amor de deus! já se passaram cinco dias da data prevista!  https://t.co/3dfsgyiilu"
0,alá @ ifg sério que vcs não vão pagar a bolsa auxílio em pleno natal? vsf
1,entrei no site do ifg pra solicitar o meu certificado do encceja e tava quase elogiando o site q tava com uma fluidez boa d tava mtto bunitinho qnd é fé: https://t.co/mbrxg5uetc
1,@krishnavivo podia ter feito edificaçoes no ifg
0,se o ifg for online ano que vem eu vou me matar
1,"@ldiasc sim, nessa época já era ifg"
1,"ninguém quer saber onde vais fazer o ifg, essa treta não conta para nada."
1,"@zurbexpress01 @uoleconomia e ae empresa ae vai bem das pernas, uma pena que o cadastro dela no ifg, fosse alterado, ops, já vai mal né kkkkk flw"
2,minhas amizades do ifg são incríveis 
2,o alivio de não ter de procurar casa para o ano de ifg
0,os corno ufg: as aulas começam em dezembro mas relaxa vai ter um recesso!! professores da ufg: então galera passei esses trabalhos pra fazer durante o recesso a entrega é no dia que voltar o presencial í ½í¸€í ½í¶•
0,vai seu ifg voltando presencial e eu trancando a faculdade  irrahhhhhhh
1,coisas que eu recebo do coordenador pedagógico do ifg kaakakakakakak https://t.co/17gixatftx
0,o cinismo de alguns coordenadores do ifg me assusta.
1,quem é que em pleno 2021 usa fones com fios? eu lol
1,meu deus vou fazer um reecontro dos militantes do ifg
0,"eu consegui ser muito babaca hoje no ifg, que merda velho"
1,"meu irmão falando o motivo que eu não vou pro ifg é  o melhor, tá passando mal"
1,carai ifg marcando presença pesada no cinema hj
2,"lembrando da época do ifg luziânia, cuja turma do técnico em mecânica, iniciava a aula assim:  bom dia, bando de frouxos! . hoje não tenho essa disposição e coragem. o brasil piorou. tá chato, careta. policialesco."
0,"mds eu tá tão triste, eu não era assim será q é a vida de estudante do ifg que faz isso com a gente, pq se for eu quero uma cartela de tarja preta pfv"
2,o ifg entrou pro mini-handebol brasil aaaaaa 
1,"@larylaryeu eu tá no ifg, xuxu"
1,queria o ifg metende tipo uma dessas pra professores e alunos já tem família de professores que nem vacinaram ainda í 
0,se esse caralhooo de ifg voltar as aula presencial eu tá muito fudido
0,ifg se vc fosse uma boa instituição de ensino com boa comunicação qual vc seria 
2,parabéns aos institutos federais https://t.co/bcq6on50ub
1,o ifg aqui na cidade  https://t.co/ghzbpd9mx3
1,@nortelaw9 @bielconn você tem o link da notícia? estudo no ifg e eles também estão pedindo.
2,como assim meu nome tá na lista do ifg
2,"@ifg_goias @ifgoiano educação pública, de qualidade e inclusiva"
2,eu tô perdendo tudo com a reitora do ifg reagindo as minhas coisas
1,kkkkkkkkkkkkkkkkk que vambora que eu quero encher o cu de pinga com todo mundo hein. respondam esse quest. aqui e eu digo se esperava ou não  https://t.co/eumgbrxszc  (se tiver dúvida fala cmg ou com a @thxynnx ) https://t.co/mm7er6bclr
2,2021 foi ó ano. consegui formar no ifg e de quebra ainda consegui o meu primeiro emprego
1,ano que vem eu namoro ou fico pior que a viih tube
2,a minha mãe merece o mundo
0,falsificar teste de covid p entrar numa discoteca demonstra logo o vosso caráter de merda
2,"por ironia do destino ganhei um bgl do ifg hj, pasmem para o plot twist kkk ganhei do prof favorito de física do @_knglima . era isso ou limpeza em um ar condicionado q nem tenho, bem q a revisão na máquina d lavar tbm era um brinde interessante.a pasta é a maria q ganhou kkkj https://t.co/degxhihaj4"
0,uma combinação de gripe e ifg tirou todo meu espírito natalino
1,"não sei se no ifg pode subir as escadinhas da colação de grau com música, mas de puder eu tenho uma lista de 4 possíveis música fodasticas"
0,ifg campus como assim vai ter 4° ano do ensino médio????? se isso for verdade eu desisto da escola sem meme
1,sthefane e eu nos muros do ifg https://t.co/d14ip3y7go
0,"hj era p eu estar vendo filmes natalinos e comprando panettones, mas estou estudando pra uma prova de cálculo 2 que começa meio dia, obrigado ifg por arruinar minha vida"
0,*desfavoritando todas as coisas sobre o ifg e chorando*
0,a outra vai culpar sempre o ifg pelo filho ter se  rebelado 
0,"agora sim uma mini férias, ou melhor, recesso acadêmico! até dia 17, ifg. foda que os professores não mediram esforços e passaram uma porrada de atividades e artigo para fazer "
2,ifg eu te amo 
1,"ótimo, o ifg campus goiânia não aparece nas opções para selecionar uma faculdade na hora de assinar o plano universitário do spotify e agora não aparece nas opções para selecionar uma instituição de ensino na hora de fazer o recadastramento do passe livre estudantil í ¾í´ í ¾í´ "
1,"as belas e fofas moscas, que parecem pelúcia, mas cujo estilo de vida faz os humanos torcerem o nariz:   crédito: cacilda salvador via: https://t.co/699bapumrl https://t.co/rn4v1qs2m6"
1,o meu nível de procrastinação é enviar os documentos do ifg faltando literalmente uma hora e meia pro fim do prazo
0,"ifg,me pague pelo amor de deus! já se passaram cinco dias da data prevista!­"
1,@fejota_5k3 não usa os campus. no spotify msm eu coloco instituto federal de educação ciência e tecnologia de goiás
1,gente pelo amor de deus o diploma do ifg vem  eu consegui  na pastinha... graduação é tratamento de câncer agora? e quem não puder formar
0,acordei já com odio profundo da instituição ifg
1,gente pra fazer o cadastro do plano universitário no spotify não tá aparecendo a opção de por o campus goiânia no @ifg_goiania como q eu faço mds? só coloco ifg msm sem o campus?
0,"não é possível, agora qo ifg começou a trabalhar de forma descente pra voltar as aulas essa variante nova vem me quebrar..."
1,5 temas dos quais posso falar 30min sem preparação alguma  1. the office 2. futebol 3. one piece 4. cronologia dos x-men 5. naruto  mas algo q aprendi com o ifg é q eu consigo pegar qq parágrafo aleatório e falar 30 minutos sobre https://t.co/tuyxnurwns
0,"@emillianofreita rindo até amanhã. o presidente comogou a mais maluca dos esquerdistas. lógico que a apegada da ifg aí queria que ela fosse reitora. colocaram o nome dela só para encher linguiça e se lascaram.  muito, muito engraçado....."
0,"eu nem sou de violências, mas a pessoa que deu os nomes as cefalosporinas merecia assim uma estalada bem dada"
0,não há nada como os atropelos as lei laboral que se cometem nos hospitais.
1,"@pattidutra ave maria. aqui no ifg onde trabalho temos mais 70% dos professores são doutores. uns não mencionam que são, outros ficam nessa onda também. não acho legal. o importante é o conteà¾­o da pessoa e não sua titulação."
0,"quando eu acho que o ifg não pode acabar mais com a minha vida, ele vai lá e dá um jeito"
0,tenho tenho certeza que todo estudante do ifg foi enviado para o mundo para sofrer!
1,no primeiro print eu quis dizer que elu fazia isso junto com a amg e sim tá errado 1:https://t.co/ezm4hqifiw 2:https://t.co/vhsgnxgkik 3:https://t.co/n5gliidivm https://t.co/br7ojanlpz
1,"eu queria muito saber se vai ter alguém da integrada que vai pra primeira do ano ou eu vou ser o único da matemática do ifg que vai pra esse rolê?? pessoal da integrada que for ou souber de alguém que vai, comenta aí"
0,@murilorrs2 4 mulheres  ifg machista
0,odeio tanto o ifg
1,coisas pra fazer até segunda:  lista de eletromag relatório de lab cobrar assinatura do ifg apresentação geogebra: lentes e espelhos preparação de aula de tema livre pancotti entender teoria de bandas resumo dos textos do pancotti
0,umas horas na urgência é o suficiente para ver meia dúzia de casos de tentativas de suicídio ou de depressões graves.
0,"mano vou matar o ifg e o mec, três meses sem me pagar por uma coisa q se resolve com um clique inferno"
0,"entrei no ifg achando q era agroindústria q era cheio de maconheiro, vou sair de lá sabendo q é química q tem maconheiro e drogado"
1,claro que estou a gozar.
2,não há nada melhor que fazer trace covid. delicioso.
1,uma pessoa só sabe o seu lado da história
0,"o dia mau começou e eu já estou cansado, obrigado ifg! "
2,"minha mãe deve odiar minha escola já, de tanto que eu falo dela kkkkkk  sério, eu passo o dia falando do ifg e quase chorando pra voltar logo  e ela escutando tudo, já deve tá quase me proibindo de falar alguma coisa relacionado ao ifg"
1,rt @carolinamv03: a minha motivação para amanhã é saber que tenho 2 semanas de aulas e depois 3 semanas de férias
2,rt @xxnuriaz: boas notas e boa média
1,"â€œnão se deixa de amar, o amor transforma-se. amar é pra sempre kasha como te admiro"
1,derradeira prova de amor é deixar
2,"ifg seu lindo, você não quer antecipar a volta as aulas não? eu quero estudar logo"
1,rt @cemalarme: vocês também fazem isto quando compram botas novas? https://t.co/lgoe9lwi7g
1,melhor que ser interno de formação geral é ser ifg num serviço de urgência no primeiro dia de trabalho. 
1,onde anda os mercedes a porta de quem recebe o rsi são o novo os médicos andam todos de porsche
1,estão prontos para assegurar a aprendizagem dos coleguinhas de 6° do curso que vos vão acompanhar?
1,a dificuldade deste exercício depende do serviço/especialidade a que está atribuído o ifg e dos especialistas que o tutelam.
0,não há exercício físico mais stressante que um ifg a perseguir um médico especialista por não saber o que fazer.
1,as plataformas das faculdades são uma introdução para a mais difícil delas todas: o sclínico.
2,"digo isso porque eu já me emocionei muito produzindo ciência, ensinando ciência na escola, ou divulgando ciência pro público. mas nada disso me emocionou tanto quanto acompanhar a formação de jovens cientistas no curso de ciências biológicas do @ifg_goias, do qual sou professor."
1,rt @josemdandrade: ser iac com interesse em escolher psiquiatria significa ouvir  olha temos ali uma doente para ti  sempre que aparece uma pessoa ligeiramente mais apelativa ou ansiosa
0,ano novo só vai começar de fato quando eu me livrar do ifg
0,"querem que as listas de espera hospitalares desapareçam, mas depois vão as urgências para desencravar uma unha.   a definição de urgência e a literária médica têm que melhorar e esse processo começa na escola e nas consultas."
1,"enquanto a doença mental não for tomada em consideração como qualquer outra patologia, vamos continuar a estigmatizar o doente e a negligenciar uma grande proporção da população.   é simples."
1,"de 2017 p/ cá minha vida tem sido 1 plot twist atrás d outro, início d doutorado, trabalho no ifg, ueg, unb, casamento, mudança p/ luziânia, retorno p/ aparecida, aprovação d marido em concurso federal no piauí, q eu tenha estrutura p/ 2022 e os plot q virão +"
1,fazer urgências pela primeira vez não deve ser assim tão difícil.   said no ifg ever.
2,não podia pedir amigas melhores
2,vocês não tem ideia do quanto eu aprendi e cresci no ifg sem contar as amizades que eu fiz pra vida td https://t.co/hmgkrjlhkp
1,a cascata da coagulação não é para se saber: é para se ir revendo.
1,dia 23 é o dia pelo qual todos os ifgs esperam. rejubilem.
1,alguém consegue explicar a um ifg onde andam os médicos especialistas?
2,o que vale é que os ifgs estão nas enfermarias a segurar hospitais.
2,2022 começa e sai uma nova fornada de médicos internos de formação geral.
0,"vi o tio marcinho hj, o terror do morador de planaltina e estudante do ifg. se eu tiver que suportar isso esse ano vou me ver na obrigação de dar um surto"
0,provinha do ifg na domingueira seloco
1,gente será se o ifg volta msm presencial em março?
0,@louizsantoss o ifg jogou fora todos os meus croppeds
2,passei pelo planetário e quase caiu uma lagrimazinha de nostalgia do ifg e da ufg
0,rt @ldamyane: hoje eu passei meu dia pistola com essa notícia que saiu no diário da manhã.  eu sou coordenadora geral do diretório central dos estudantes do ifg e tô pistola então vou fazer uma thread sobre porque o ensino remoto não é questão de petiçãão online https://t.co/4tjjs5nxmn
2,@bibica_ripilica aaaaa que nostalgia. saudades ifg
2,@mari_palves que saudade do ifg menina  https://t.co/zwxljiwpzk
0,"falta so um pouco pra eu me arrepender de ter entrado no ifg, serio inteligência não vale a pena sem inteligência emocional ultra alta"
2,"obrigada a todos que acreditaram em mim pra eu me formar no ensino médio , adeus ifg"
0,@louizsantoss kkkkkkkkkkk só quem já foi aluno do ifg entende esse desespero
1,eu tenho conversado mais com a coordenação do ifg de itumbiara do que com qualquer outra pessoa kkkkkkkkkkkkkkk
0,"@imbranatoso amigo, uns 4 anos atras eu tive que dormir num convento que tinha virado casa paroquial. infernal aquilo ali, caguei de medo.  outra vez eu dormi no teatro ali do lado do ifg, que tem um convento la também do sto agostinho. mil barulhos e coisas acontecendo, um horror"
0,como que eu vou conciliar ifg com estágio do ifg com tarefa do ifg com trabalho de design com o curso caro de design e namoro?
0,eu abro a pág do ifg kkkkkkkkkkkkkkkkkkkkkkkkkkkkkkkkkkkkkkkkkkkkkkkkkkkkkkkkkkkkkkkkkkkkkkkkkkkkkkaaaaaaaaaaaaakkkkkkkkkkk(( desespero
1,rt @jovxw: meu cabelo influencia em 90% na minha auto estima
0,"saibam q a dona dessa conta é hipócrita e todos os ex alunos do ifg q eu julguei que iam pra lá só pra ficar atoa, saibam q farei igual esse ano"
2,"amo que no ifg só vai poder renovar a matrícula com o comprovante das duas doses, os antivacina tão quase surtando"
0,saudades de quando o ifg tava de recesso
1,se acabei de prescrever 500 vacinas de covid? não menti.
1,"enquanto alguns ainda aproveitam as férias, outros já estão se preparando para o retorno as atividades e para o início das aulas. no ifg, já estamos nos preparando! alunos e servidores do ifg precisam apresentar o comprovante do ciclo vacinal completo contra a covid-19. https://t.co/neptakesnj"
0,não consigo entrar no ifg mobile
1,"alguém explique aos líderes a partidários portugueses que querem privatizar e destruir o sns que absolutamente ninguém - volto a repetir ninguém! - espera 4 anos por uma consulta de oncologia.   dizer estas coisas, desta forma, devia ser punível."
1,ifg voltas as aulas ai man
2,rt @joaosfn: tenho boas notícias para dar ao Emanuel que está há 4 anos espera de uma consulta de oncologia - pode estar descansado porque não é maligno.
1,"todos os anos entram novos ifg para o sns, porque são médicos acabados de sair da faculdade que ainda não têm autonomia dada pela ordem dos médicos."
1,not o antónio costa a voltar a usar os internos de formação de geral (ifg) para responder falta de médicos no sns
2,não acredito eu passei no ifg
2,relembrando meu primeiro ano no ifg e a alegria imensa que era ser caloura  https://t.co/jaryid4dau
1,rt @mafaldaaaa__: nas músicas dos wbg a melhor parte é sempre a do zara 
1,rt @josemdandrade: a expressão  confusão mental  faz-me sempre questionar se existe algum tipo de confusão que não seja mental
1,@yo_soy_dougras ifg campus formosa é a base
2,rt @djongaxcitou: eu me amo por tudo que superei em silêncio e sozinho.
2,rt @dianinha1811: fora os exames e frequências sou muito feliz na uni
0,ifg ta me matando eu qr férias
0,eu me se a unicamp me fizer voltar pra passar só 1 semana tendo aula e cancelar de novo eu vou cometer um crime de ódio
2,exatos 6 anos desde o resultado do ifg disparado um dos dias mais felizes da minha vida
1,rt @goncalo_cota: há mais médicos no tinder que no sistema nacional de saúde.
1,estou a rezar uma avé-gasimetria pelos que estou em su.
1,"então, mini-ifgs? como está a ser o vosso 2° fim de semana de internato?"
0,"o ifg simplesmente não quer que eu faça minhas atividades né, já que o moodle não abre, não sei pq n deixa pra atualizar esse trem no recesso"
0,@naclarabm esse pessoal que se acha inteligente e fica falando do ifg só quer atenção de milhõeskkkkkkkkkkkk duvido que se passarem um mês lá já vão pedir pra sair. 
1,"rt @joaomaiadias: @jpfpenedo e o número é muitas vezes a soma dos ifg, ifes e assistentes, pelo que cada pessoa entra 3 vezes para o sns"
0,"juro que n entendo essa galera falando do ifg sendo q nunca pisou lá, se lá é ruim e etc é só ficar quieto na porra da onde você estuda e n encher o saco de qm tá feliz da vida lá!"
0,cade o negócio de fazer matrícula ifg pelo amor deus
0,@abduljabbardo7 @antoniocostapm @sns_portugal ele conta literalmente os ifg como um médico especialista. farta deles
1,"@jpfpenedo e o número é muitas vezes a soma dos ifg, ifes e assistentes, pelo que cada pessoa entra 3 vezes para o sns"
2,as várias maneiras de que esse tuíte é uma loucura: 1. eu tenho um telescópio decente 2. tá chovendo eternamente 3. o ifg deixaria eu usar o telescópio se eu pedisse
1,eu vou invadir o ifg e pegar o telescópio pra usar ele pra observar o céu
1,é... tchau ifg?
2,"é incrível saber que isso é possível na instituição que faço parte com o adendo da ajuda de minha irmã formada e pós graduada em letras, tbm pelo ifg"
0,@edgarpmsimoes grave é ter sido encaixado numa resposta ao tema da falta de médicos de família. vai na volta e ainda são os ifg que vão salvar os cuidados de saúde primários...
1,"@jose__durao e ao menos desta vez só falou dos ifgs, que efectivamente são novos médicos a entrar. normalmente a narrativa é ifg + ife + recém-especialistas"
0,"fico troste em saber que o curso técnico em que me formei no ifg (e que basicamente me ensinou tudo que eu jamais precisei em programação) ser tornou em um curso técnico de manutenção de computadores kkkkkkkjj  a demanda vinha do meu tempo, de colegas que passavam em algoritmos"
0,"@nilsonnetto_ até hj o ifg n deu as caras ,para falar pra mim hein. tô revoltadissima"
0,não há nada como os atropelos a lei laboral que se cometem nos hospitais.
1,"@pattidutra ave maria. aqui no ifg onde trabalho temos mais 70% dos professores são doutores. uns não mencionam que são, outros ficam nessa onda também. não acho legal. o importante é o conteúdo da pessoa e não sua titulação."
0,"ai tô com ódio de ifg, de engenharia elétrica, de faculdade vou começar a jogar no bicho pra ficar rico"
1,no primeiro print eu quis dizer que elu fazia isso junto com a amg e sim tá errado 
1,@lhraubustt @ifg_goiania fazendo minha inscrição agora!!
0,não percebo as pessoas que com 65 mil casos diários continuam a ir sair a noite
0,agr entendo meus amigos do ifg que reclamava de algoritmo
2,tô amando dms essas treta das turma do ifg kkkkk
1,@ifg_goias alguém do grupo de engenharia de software - campus inhumas? gostaria de dar uma olhada na ementa do curso.  no site do ifg não consta nenhuma informação ainda.
0,@anapaulavolei @drpaulofaria22 obrigado. minha esposa faz graduação no @ifg_goias e estão exigindo o comprovante vacinal pra renovar a matrícula e meu filho estuda no @ifbnoticias e estão exigindo o comprovante para assistir as aulas. vamos agir contra essas arbitrariedades.
0,aiii ifg enfia o dedo dentro do cu e cheira!!! mas para de me encher o saco caraiiiii
2,saudades ifg eu no banheiro da escola  fazendo hora pra n voltar logo pra sala https://t.co/rbqpo2wy3p
2,@ifg_anapolis orgulho de ter sido aluno da kell! adorava microbiologia por conta dessa mulhe... comequepode kkkkk
0,se eu perder a cesta do ifg com alimentos da agricultura familiar de novo eu juro que sou capaz de entrar em depressão
0,eu não aguento mais o ifg
1,nada pode deixar um iac mais esfomeado que ver um leitão entrar inteiro no bar do hospital.
0,o ifg esta fazendo de tudo pra acabar com a minha vida
1,rt @lukefrito: ansiosa por ser iac e adquirir imediatamente superioridade moral em relação a todos os med students tipo que não acabei o curso
1,rt @margaridasp_: preciso de bronze
0,eu te odeio ifg eu te odeio
2,@ifg_anapolis prof. kellen é simplesmente maravilhosa! uma das mais incríveis que tive o prazer de ter como professora 
1,@ifg_goias e ainda querem voltar com aula presencial ???
0,é só estranho estar de férias nesta altura
0,rt @brazdudinja: as escolas estaduais iniciando seu ano letivo de 2022  e ele segue interminável indestrutível e inabalável  o ano letivo 
1,"e, para nós, uma instituição pública, estar na média não significa fama, mas sim colaborar na constituição de uma opinião pública qualificada, ao passo que ajudamos para a popularização da ciência."
0,@valxdares mais uma escrava do ifg
1,a @saresrs em 2017 no grêmio do ifg https://t.co/ntjyju8x1g
1,o tweet serve tanto pro if ifg quanto pro if instituto de física
1,quase perdi minha vaga no ifg pq não vi o e-mail comunicando que minha matricula na ufg estava ativa kkk rindo de nervoso
1,eu só queria que a ifg me falasse logo se passei e se vai voltar ao presencial pra que eu possa planejar minha páscoa em paz https://t.co/eona6pb4qt
0,"eu tenho medo do tipo de pessoa que eu vou lidar no ifg, honestamente, não sendo um bando de machista, racista ou/e homofóbico, eu supero"
0,"cada vez que vejo um funcionário hospitalar sem máscara, a trabalhar, apetece-me dar-lhe com uma cadeira nas trombas. custa assim tanto meter uma forma de proteção na cara que altera em zero o funcionamento da pessoa?"
0,adeus pro semestre mais difícil que já tive no ifg e pra esse ciclo básico chato p crl https://t.co/zqlishdknl
2,parabéns ao @ifg_goiania no ato de rematrícula pedir o comprovante de vacinação de covid 
0,pelo bem do meu cronograma o ifg precisa abrir a biblioteca ao público urgentemente
0,o dia que eu sair do ifg vou ser a pessoa mais feliz do mundo kk pior escola q ja estudei
0,nossa mais eu odeio o ifg sério eu tô no ponto de me matar naquela desgrama
1,@osmarterra @pedrohallal @ifg_goias tomando atitude arbitrária. https://t.co/j1hyio8wbx
1,rt @meguiizitaa: dia 14 não abro as redes sociais
1,só quero as férias com as minhas amigas
1,bom dia e bom final de semana‚ para quem como eu começou o dia trabalhando. defesa de monografia de especialização  @ifg_goias #ifgsenadorcanedo https://t.co/3jfefmcpqs
1,@eusouzarolho e porque será que não tem? vai tu estudar 6 anos + ifg + 4/6 anos de especialidade para essas condições em vez de mandares postas no twitter
2,fiquei sabendo q meu trabalho tá fazendo fama dento do ifg inteiro e fora kkkk acho q é ko desse povo kkkk
1,"serace se o ifg ainda nao sacou que a galera nao respondeu o questionário, pq ninguem ta querendo voltar presencial? por n questões: transporte, trabalho, filhos, pandemia torando o pau, saude mental"
0,"absurdo o que o ifg está fazendo com os alunos e servidores não vacinados, ameaçando cancelar as matrículas e exonerar funcionário, espero que algum juiz sensato do ministério público estadual interfira nessa decisão que fere o direito de escolha e liberdade das pessoas  @mpf_go"
0,"espero que o @mpf_go interfira nessa decisão arbitrária e absurda do ifg, o direito do servidor ou do aluno em não tomar a vacina é inegociável, a liberdade de escolha tem que ser respeitada https://t.co/c4tdyu5ro0"
0,@advogadosoacb vídeo removido!!! esse vídeo está em algum outro lugar??? estou sendo coagido com a exigência do passaporte sanitário no meu trabalho (ifg). socorro!!!!!
0,@andrfiusa ifg eh uma instituição falida
1,instituto federal de goiás minha vida está em suas mãos! preciso formar
0,"infelizmente temos colegas no serviço público que mesmo diante de todas as contradições, continuam apoiando o traste. aqui no instituto federal de goiás, vários colegas professores, fazem palanque para o minto em sala de aula. alguns caíram na real. eu sempre que posso discuto..."
0,eu odeio o ifg
1,"e não obstante, aos alunos do ifg tbm https://t.co/jeso3l5v5t"
1,"@sbuiatt vi aqui no seu perfil, você também é de goiás. então sou professor do ifg."
1,@sbuiatt sou professor no instituto federal de goiás - ifg.
2,q saudade da biblioteca do ifg :(
2,aiai era saudade de ir pra escola naquele frio e sentar tdo mundo no sol igual o povo na prisão
0,ifg: até quando dá pra adiar tudo?
0,@amnd_01 a vergonha que esse povo gosta de passar kkkkkkkkkkkkkkkkkkkkkkkkkkkkkkkkkkkk pelo menos o ifg vai ganhar dinheiro com isso e vai poder comprar alguns recursos novos (eu acho)
1,ifianos o ano todo pois o ifg é o lugar que mais faz frio em toda anápolis city https://t.co/sbdufbjtkj
0,eu vou reclamar até me formar pq meu pai me impediu de ir pro ifg porraaa
1,rt @laradgoncalvess: ha alguém que ainda n tenha apanhado covid ?
1,"do jeito que minha memória é ruim, é capaz de eu terminar o ifg e não lembrar de nada"
1,"que eu vou continuar na área do meu curso do ifg? não mesmo  prefiro medicina na ufg, esse sim eu vou continuar"
0,"eu tava vendo algumas coisas do meu curso do ifg e sinceramente... eu tá com vontade de chorar  não só fui humilhada, como fui chamada de burra em várias fórmulas matemáticas diferentes"
0,o ifg nem começou ainda e eu já quero que ele termine
0,rt @anivxss: me pergunto pq alguém não me atropelou no dia que eu fui fazer matrícula no ifg
2,rt @mclarascruz: morro de orgulho da foto na placa do ifg com o nome do meu presidente bem grandão
1,rt @a_junceira: bruno de carvalho no assalto ao carnaval https://t.co/elz7i1ob4l
2,"ifg seu lindo, sai da fase vermelha meu filho  eu quero voltar a ter aula presencial"
1,queria ver as fotos da passagem de ano
1,@amnd_01 ifg faça seu trabalho https://t.co/x1u5i6xygj
1,"rt @mdusprd: se o ifg for fazer formatura pra entrega de diploma e tal, bicho eu vou chorar igual bebê pra despedir dessa fase e das pessoas"
2,"para o terror de alguns e desespero de geral, estou oficialmente matriculado no ifg de novo. volteeeeeeeeei crlhoooo!"
2,"mano, quanto mais eu estudo, com mais vontade eu fico de fazer apresentações sobre as coisas q eu estudo esse ano eu quero apresentar uma comunicação oral e um minicurso (ou palestra) na semana da matemática do ifg e, também, quero fazer outra palestra no ciclo de palestras+ https://t.co/kfelr4crgi"
2,"se o ifg for fazer formatura pra entrega de diploma e tal, bicho eu vou chorar igual bebê pra despedir dessa fase e das pessoas"
1,será q esse ano eu consigo fazer outra palestra no ciclo de palestras de matemática do ifg??
0,me solta logo ifg eu n aguento mais
2,"aaah, passei no ifg"
1,"@meninav_eneno essa sensação ja tivemos no ifg kkkkk, so seguir em frente kakak"
1,rt @renatamarinhooo: hot people não apanha covid
2,rt @gongaxx5: praça da batata tenho tantas saudades
0,o limiar tênue entre não deixar o ifg me tirar a paz/simplesmente ignorar tudo pois não vai ter uma resolução da conama em pé quando eu me formar mesmo
2,agora em especial faria de tudo pelo bolo de chocolate do tio felipe da cantina do ifg
2,meu 2021 -passei em engenharia mecânica na ifg e biomedicina na unifan  -me redescobrir e aprendi a me amar -conheci a pessoa que amo e quero cuidar para casar -me viciei no celular  -parei de me maquiar  acho que foram as coisas que mais me marcou... será que foi o suficiente?
1,acho que vou mudar meu nome do tt para reclamações de uma pobre coitada do ifg
0,"quase me tacando de um prédio pq conheço só uma pessoa da minha sala no ifg, e se eu tivesse ido pro ifa, meus melhores amigos estariam na minha sala"
1,rt @julidiasav: quem escapou ao covid em janeiro merece um troféu
1,nunca tive covid e já tenho a terceira dose
0,última semana nesse ifg graças a deus
1,"tive um professor que falava sempre pra gente nunca fazer de nossa existência, uma existência inútil. pra gente se envolver com política, sociedade, trabalho... não tem um professor desse no ensino médio do ifg anápolis? precisava muito! urgente!"
0,ifg e ufg disputando pra ver qual das duas vai tirar minha paciência
1,@ifg_goiania tem noção de quando abre a biblioteca?
0,me pergunto pq alguém não me atropelou no dia que eu fui fazer matrícula no ifg
0,"meu coração está partido desde que descobri que no ifg não tem piscina  não tem trote e não tem piscina, decepção atrás de decepção"
2,saudades quando me perguntarem como é estudar no if eu vou mostrar esse vídeo @ifg_goiania https://t.co/t4jee0omfy
0,"minhas aulas voltam só em março  ifg volta logo plmdds  eu tá ficando burra, preciso estudaaaaaaaar  me encontro morrendo... de tédio"
1,eu só queria que o ifg tivesse trote...  é pedir muito reitora oneida?
1,"só de pensar que vou ter que passar mais 14 anos estudando, dá uma preguiça...  mas é melhor ifg e ufg me ferrarem agora do que depois  mais 14 anos cara... ainda bem que eu sou de exatas e não vou sofrer tanto  mas imagina, mais 14 anos"
0,23:40 da noite de um domingo o ifg me mandando e-mail n eh possível
1,domingo já é dia útil na vida de um professor.    #ifg #ifgjataí #literaturabrasileira #línguaportuguesa #conotação #denotação #figurasdelinguagem #vidadeprofessor #adeusdomingo #planodeaula https://t.co/2ekmtkevsi
2,rt @baugss: omg passei tudo a primeira (universidade nao me fodeu
2,morro de orgulho da foto na placa do ifg com o nome do meu presidente bem grandão
2,tá amando dms essas treta das turma do ifg kkkkk
